{
  "best_epoch": 0,
  "peak_worker_0_memory_MB": 218.26171875,
  "training_duration": "0:00:00.826960",
  "training_start_epoch": 0,
  "training_epochs": 1,
  "epoch": 1,
  "training_loss": 4.437600771586101,
  "training_worker_0_memory_MB": 218.26171875,
  "validation_BLEU": 5.6914049030636e-13,
  "validation_loss": 4.435153325398763,
  "best_validation_BLEU": 5.6914049030636e-13,
  "best_validation_loss": 4.438321590423584
}