{
  "best_epoch": 0,
  "peak_worker_0_memory_MB": 221.3671875,
  "training_duration": "0:00:01.812004",
  "training_start_epoch": 0,
  "training_epochs": 4,
  "epoch": 4,
  "training_loss": 4.4282355308532715,
  "training_worker_0_memory_MB": 221.3671875,
  "validation_BLEU": 5.6914049030636e-13,
  "validation_loss": 4.42604382832845,
  "best_validation_BLEU": 5.6914049030636e-13,
  "best_validation_loss": 4.438321590423584
}