{
  "best_epoch": 0,
  "peak_worker_0_memory_MB": 220.11328125,
  "training_duration": "0:00:01.483102",
  "training_start_epoch": 0,
  "training_epochs": 3,
  "epoch": 3,
  "training_loss": 4.431467692057292,
  "training_worker_0_memory_MB": 220.11328125,
  "validation_BLEU": 5.6914049030636e-13,
  "validation_loss": 4.429055213928223,
  "best_validation_BLEU": 5.6914049030636e-13,
  "best_validation_loss": 4.438321590423584
}