{
  "best_epoch": 0,
  "peak_worker_0_memory_MB": 210.72265625,
  "training_duration": "0:00:00.504200",
  "training_start_epoch": 0,
  "training_epochs": 0,
  "epoch": 0,
  "training_loss": 4.441029230753581,
  "training_worker_0_memory_MB": 210.72265625,
  "validation_BLEU": 5.6914049030636e-13,
  "validation_loss": 4.438321590423584,
  "best_validation_BLEU": 5.6914049030636e-13,
  "best_validation_loss": 4.438321590423584
}