{
  "best_epoch": 0,
  "peak_worker_0_memory_MB": 220.11328125,
  "training_duration": "0:00:01.160659",
  "training_start_epoch": 0,
  "training_epochs": 2,
  "epoch": 2,
  "training_loss": 4.434326966603597,
  "training_worker_0_memory_MB": 220.11328125,
  "validation_BLEU": 5.6914049030636e-13,
  "validation_loss": 4.432149887084961,
  "best_validation_BLEU": 5.6914049030636e-13,
  "best_validation_loss": 4.438321590423584
}